post_id,user_id,liked_at
17ddce9c-79e4-49c5-82e6-a8c578a9798c,20747b21-4e8b-4450-8677-01c82b307f06,2024-10-03T14:45:49Z
deb70cc4-0523-444d-81f0-7eca10c3ec84,1429e0b9-2e16-4584-8095-a30975c3e359,2024-08-16T09:30:28Z
ba22606d-198c-4ee5-bd23-0ebe9f799aaa,40ce805c-3b99-459f-b0bd-73db0a80a537,2024-10-08T00:49:31Z
5911ea9f-2e38-4dc0-8048-3c83808d6013,a948e580-170d-4ef2-9542-a0429369b153,2024-10-03T18:17:56Z
7155ac61-12d6-4feb-8138-9d834eaa2817,c43f337b-5721-4cd4-a7e7-3c7ec8e6298e,2025-04-14T18:47:48Z
783563f7-f19a-428e-8a37-6adb824fb9a1,fed5701a-980d-4676-b4e3-87ccebc6fa39,2024-08-20T14:39:52Z
213e6744-cf2b-4ae4-b9b1-4c9475b75feb,0a855521-24fb-447e-a271-42cfb1caf598,2024-08-09T07:40:58Z
584b032c-d57c-49a4-83fd-c974f59c6c80,361e8d36-9e11-4dc8-8175-bd4fd80e5432,2025-05-07T23:45:39Z
5656db39-b3f6-4402-b829-a9eed3154b5e,9973e6f6-921d-4acb-8638-fad42c833dc8,2024-09-12T01:53:32Z
2fa6de7c-e25a-495d-a825-df408686be6b,cd5e2431-9d62-43c6-98b7-9b9b3c17dfe8,2025-01-11T23:08:02Z
afd679a1-4188-42f7-8121-205b3481f5b3,d891b298-b0e8-4443-9059-b7f44740e874,2024-09-11T23:37:20Z
78e266d8-0d89-4294-8d6c-8853929f892b,b998efc0-2357-41dd-adb4-19877adddc36,2025-03-15T07:07:22Z
2013fdcd-eb91-494d-9c81-86700b4aa522,56e42deb-02a2-4e1f-a5c2-b5c80c97f6ab,2025-03-09T10:34:18Z
dd259e48-8055-425a-ab88-bc7249dacf94,b3bd4ff4-88a2-403f-a0ad-634de8f7653b,2024-10-12T07:54:17Z
f8ff2291-c90d-4735-b611-05e385e9150c,cd7fc519-f6d5-4e5e-b39e-aac165bf1935,2024-07-23T00:31:20Z
9c36854b-8478-47a6-8594-74bf7fd3d85d,b9857cf7-9ca9-4a6e-bdfb-014a1d3bbd5e,2025-05-06T23:31:18Z
51dcf55a-c4d0-4c30-8c14-4f9d07b25952,7df8ca63-a600-4252-aacc-37d23b5d537f,2025-02-01T15:11:36Z
47120613-c8e5-42d9-b6ae-6345c2197183,36b7fc8e-ae28-4dde-9d62-d53c34d47f2b,2024-07-05T01:20:56Z
610084cb-c4b8-4b80-b6ab-d6a7588979f4,da3fdb7f-9674-4451-a0bf-3e1e8e20c2e5,2024-08-20T17:52:24Z
5e87c860-0324-4331-bd7b-2569dfbb5bf8,08aa5819-8799-4f1c-9563-bbc0fdd838bd,2025-03-01T05:56:08Z
118049bc-4a9c-4f91-a2ef-034c8c249817,6ded337a-dd37-462a-baee-3192833736da,2024-10-09T21:58:12Z
22c22bdb-f880-4e4f-bc00-c0e0152eddc7,ba66b1fe-cda9-4980-8464-29a32c467f6e,2024-12-10T23:44:32Z
a57a4467-264d-4a8e-8ec2-a29066931e50,bf16b52b-fba7-4728-81d1-517cb55eb44a,2025-01-29T13:58:01Z
37fd483e-81c5-4538-ab18-0c3d97f9eb99,f7d7e450-8260-458f-b7fd-81d7161a4813,2025-04-06T00:14:06Z
ddfd8e6c-d692-423e-9422-855df733f24a,77da9f0f-72d7-4deb-aa40-7c8dbad48b0a,2024-05-29T04:30:07Z
ac83873c-f7c6-4d51-b99f-85fe35778d49,085ed9fa-38ac-498f-b058-5bfc6502c89e,2024-08-27T06:36:33Z
c3200402-2120-46d4-b5d5-5408d2e94f16,b392b460-1887-4eb7-88af-74c033b8af99,2025-03-14T22:40:22Z
6d033ede-a7dd-4ce5-b931-aba8109cf724,33b99b3d-db20-4f83-ae89-e7afdad94acd,2025-01-21T05:21:21Z
caf522d2-b17b-4ecd-b078-0f98b33e2b29,5a37ffa1-ce81-4939-82ae-2ba62dc7a4c1,2024-08-12T19:41:52Z
4dd4abe4-b1db-4732-80ac-ce27fca1a951,8e7cca0b-3abb-4dd1-a952-1dd9c61ad11d,2024-09-03T21:49:19Z
c3dbe584-f3fb-4704-8c76-bc1afe0cc581,82f48cf5-e8f2-4d55-bde0-501ee9068492,2025-01-23T18:33:43Z
313710d0-060b-4a43-bece-fbc47f2d2a37,c0a379dc-cbdb-4ff8-b641-8311612c917f,2024-10-09T04:42:17Z
7e3525e2-3000-4dcb-b1c0-1eebba24bc63,10bae4ac-4441-4048-8779-92062e0cd445,2025-01-13T22:25:35Z
6ddd4263-3a99-40c6-8221-718c3497e715,e81804ad-7041-4e86-901d-30ac14108898,2024-11-22T21:25:29Z
ff2d5352-cbe1-442a-9135-55412622215f,9ba2736c-55a3-46a1-9240-3c452aa53f93,2024-11-04T11:44:29Z
3cb4a751-538e-4148-b5d8-cbd6750d2441,49b1eb43-6b94-47d7-8c73-b24ca7a9a644,2024-11-28T21:09:41Z
9c646738-cd92-4eb7-be37-a4d1d665607b,dee638a2-cee1-4438-a166-e651501ff809,2024-10-06T00:45:28Z
f0cd716b-b400-4e9c-b9e6-478923b8ff76,15f06de5-6a6c-4e4c-88b2-ced873f583a7,2025-03-26T06:07:16Z
a26f4717-ed97-4134-bce0-63e4a7a45bea,ebb1c5a7-748b-4304-915a-b7eb36985301,2024-10-06T15:43:42Z
bae6de73-d4fe-4b1d-9016-b49e79e199f5,40c65c2e-b10a-4411-ade8-2b469218fd5d,2025-02-22T12:59:26Z
442ea996-bffb-4ed4-8261-48f421576472,ac5b9408-b4b7-49bf-99e0-ec3862c3ba7f,2025-01-17T17:40:55Z
6e5f7ea8-0f14-4d0a-beb5-802a1f5e4bfa,5552625e-c835-4112-a6ed-f066e197255b,2025-01-02T06:21:27Z
feb5970b-5b35-423b-85d6-1e25130ef7c5,691e496b-8277-41a0-b3ff-6d8083d47e76,2024-06-07T04:51:29Z
1912fc06-a77e-4440-969e-71d9c7faf57d,78417d45-afa0-4bc6-a4fc-9a7a77894f4f,2024-11-08T04:45:14Z
1824b747-65b4-418f-8376-1bc5bbe63e39,e46897c6-a5e3-4573-b870-a42c45ca51e0,2024-10-23T08:48:00Z
6c421cae-615a-45fb-acb0-d26b17a4495f,e63f8a75-9931-43ff-b5d8-e636d8340d26,2024-10-27T20:43:12Z
2033f170-792c-4d66-a369-53d846653bd7,20439f69-b1d3-43ff-9db7-36d9e457d9b8,2024-07-07T03:12:52Z
7ebaf794-7ba4-4640-a7e7-def4a1302b78,2db555cc-5373-4c68-8ff8-272e6f587818,2024-10-16T11:04:32Z
97785120-c177-4038-b76a-1b4f9a67f70b,0622c2e1-1e55-4248-b400-87f6218d54de,2024-10-24T15:54:54Z
90b56c85-51ea-4a8c-b548-30d78f887ce6,525bef5e-0433-4ff3-be31-e7ad92232c8f,2025-05-08T13:37:40Z
5b2d6f64-e23b-4d2d-a0ad-814f8a728727,651aaed8-6385-422d-9ae4-d790c18acf45,2024-09-24T12:32:02Z
e2a50e2b-4784-4de7-9a08-812971dffabb,4f2bf71a-3289-47ef-88ad-33be5b6938ab,2025-03-26T14:10:16Z
23d7a19d-2ced-43a8-82b2-f37b258ad93a,a40db08b-694d-416e-8ac3-b42ab029530f,2024-08-20T20:12:46Z
6ddc01ab-be61-4656-9b4a-7c229f1ce2fc,4914e775-0ad5-47f3-a976-8fba15380420,2025-04-10T00:56:16Z
309a46c7-79f0-48d0-9516-11ff826ada1c,6cdce304-62f0-419a-8013-e17402a4e2b7,2024-08-18T08:26:59Z
71a6dbfc-c3cd-463e-99e6-d570e84b7b16,2e1f6cd1-160e-4a6e-bdff-8aa66f88131d,2024-11-08T10:15:35Z
762e31e9-8735-4f32-b0e6-443ee7243114,ab776d0d-6955-447b-adcb-2087e4bf2c42,2024-07-20T07:46:26Z
dd34fd4a-b3cd-45c9-97ad-c9e01e567a1a,9a750dcf-cb76-4da6-bdb3-03045f9435d8,2024-10-03T02:09:32Z
6d23358d-26b5-4f8b-9cbc-a26e66545fda,7709d38f-8ef0-4c33-be9d-12bf4183bc38,2024-08-23T20:04:55Z
641b9120-eeb4-41c1-a5f2-5a7b50cbdd07,d9f593e9-539f-44ec-8ec3-ceafaaa40738,2025-02-25T08:22:27Z
4b5f2237-4a36-4c2a-8169-7ad24c2560f8,0124df0a-ab02-4648-9cb8-581faae46df3,2024-12-30T05:53:12Z
fa360f8b-295b-4ce9-9b82-02ed65309b66,77ccaf51-a085-4984-8b26-5673e80003be,2025-03-05T08:38:14Z
22f520c9-c375-4e30-8b7c-7d5771a5f655,dbac066d-7498-444c-a8c8-09e1a598e498,2024-08-05T07:29:59Z
c1b5bc2c-1ed4-41aa-8a91-8ffd5c4f2f6a,1dfd912e-42b4-4ce7-b845-c852307b82e9,2024-09-12T22:01:49Z
77b560af-7f75-43c4-9e2a-ba90c04cee0c,ab980090-52be-4ffa-ab02-e539f71b1be6,2024-12-02T21:04:07Z
d562ce8d-d30b-4bc5-aeff-3a5ed30533e2,d6ab2c77-a6b3-481e-a16e-ddab0a1a8f66,2025-02-06T21:24:47Z
5a1f89ea-890f-4fbe-b3ef-f4c342619e19,08ee8a50-9f1f-4d33-a9ba-969b98ce3165,2024-08-17T21:22:48Z
938eff6d-6ed1-4faf-9955-55e156b97a72,ed0e49bd-71bf-478d-8487-dbfc56765d29,2024-07-25T13:31:18Z
8c2aded7-99b2-466f-b46f-0fdf0c1a610d,ed89f1d1-47be-431c-935b-2af63eac500f,2025-04-11T14:37:37Z
bc1f34a0-cc82-4447-9a40-6aa0018a3dbc,f281a458-e29b-40e3-852c-32364f88c999,2024-10-16T17:49:19Z
59d7d377-5096-4ca3-897d-3b42659af2c2,07b539c9-8968-4685-823d-8094aa8223b9,2025-03-30T22:27:02Z
2b8ea48c-bbff-45e0-b646-cae0d0a2c3bb,0efdea03-54cf-474a-9952-0089f664eb87,2024-11-08T14:46:38Z
b3563409-e5d9-46f2-9d3d-dbc384b4273c,40291325-8541-4892-8d93-935293664fb9,2024-12-26T07:58:35Z
fcdde3b0-bc5b-4c67-8673-5b21e1142078,ec1e836f-2c2e-41e3-9c14-bfb8561fdb99,2024-08-14T00:02:10Z
206bf277-5452-43fe-a284-458d3c65ca2d,73ecc469-a0fe-4161-85a6-dfce04cbd5d9,2025-01-03T14:36:52Z
431e8238-57ba-44f0-8ea6-26becd1a1680,e2070ac9-5aac-4406-91d0-35b3e7bc72bd,2024-08-01T16:51:04Z
8a6c3a62-2c15-4c1a-beab-41f51e5a54d4,bc534d76-f408-4faa-8ea9-98b16d82c549,2024-12-06T16:18:29Z
6ff28522-bdea-46a5-9d7c-ab0f2cd55ea2,ae97a434-69a6-4455-acdb-342d1f0580eb,2025-04-18T05:39:47Z
bc33f964-7f29-4d6e-9295-d77832ce08c1,c23f3a22-faa8-41bd-b3f2-1fcad866e712,2025-04-16T06:26:21Z
3de4fbc7-5ff5-4df8-991d-78f8ec5bc45a,13723a55-240b-4f7c-923e-18ce1b7c0562,2024-10-17T16:00:03Z
1b065db8-5304-43dc-8144-87aaf7c454a1,d9b22c38-54f6-41d7-be20-de3ab729d0a3,2024-11-13T06:34:55Z
04c1b03b-7252-4d16-be22-cc776a8f6133,ed49fe42-98ac-4cda-be47-d46e21450b00,2024-08-31T17:53:41Z
5309ce95-efd4-48dd-9f4a-bf21e2ce3e1c,c5f32bfa-97d6-4917-90c8-a2ce095409c7,2024-07-12T14:40:20Z
f95b1ce8-959b-4a3b-8da6-336fbf5154ed,885045e1-1bc9-4583-a2ea-b25e780f4573,2024-07-05T13:40:07Z
bddf579e-4203-4b48-a924-199633542e26,6a4a21b2-4ecc-45f8-8d0f-fff260dab0c3,2024-06-24T05:55:47Z
74ee87b5-ee11-41a1-aaa5-209c5073d3dd,ea1d4734-6bd0-49a4-88d4-05dbf765b9b9,2025-01-10T03:58:08Z
b7d29f19-283b-4d45-8c86-eef051fd7740,c8679a3c-cabc-4211-836a-130e22ae9e51,2025-02-20T09:13:00Z
5aa01e8d-f76f-41c6-9976-85ad17144a40,3e84c509-0785-472a-bbde-152a64daab0d,2025-01-25T05:09:22Z
7a4607d2-2003-4558-99e8-29891e6c8031,280cb3ad-96d8-4448-b4fb-e1eddc6e4404,2025-02-03T13:32:16Z
9676b95a-8a90-4dde-a8c0-e08c8ca7fe48,f7866ce4-24a6-4238-8311-9c7b94d57ae1,2025-04-01T13:16:42Z
104e6e65-a4b4-4989-9831-ec2412c8dbe1,0f804d8e-48d0-4982-8a3c-9f5183235cdf,2025-02-28T16:16:20Z
7016741f-3676-47a0-b621-e120cd470b7d,1596856b-62e1-4181-a3e0-62f6f045a1d0,2024-09-17T20:05:19Z
ec9b3406-ab8a-4ce7-bbc0-d5ade44e0e6a,24e6c1da-6a46-4227-8e03-39684bc1b6a4,2025-04-25T02:06:40Z
5fb6029b-9e0f-4ae5-9b5b-bca6a8ce58b4,7b1c192a-8632-453e-8ad7-2310d200d1bf,2024-12-18T05:09:06Z
a6d6f274-f94e-423d-9f31-47688957ca51,aaa3aef4-6897-4beb-8244-917f7ba183fc,2024-11-19T12:35:46Z
0e103283-51c5-4d83-9aec-08ac26e6196b,479c1167-7c5f-4187-8f79-612550921afc,2024-10-14T21:46:48Z
2bcd6105-e22d-406b-9a03-101cbe90b044,8ebc445c-0703-4f23-b54e-003afb798e7b,2024-10-04T11:30:41Z
def7efd0-5380-4fce-9157-2d4e193b634c,946d9340-bf52-40d1-bea6-28bb0a76ff6f,2025-01-04T06:45:53Z
ab8df32e-cc54-4fc1-9bad-f36d5ecde401,90706b17-ad96-471b-be00-fe4e77e37b4a,2025-01-18T04:44:54Z
3ecdf274-366e-41b4-b5e6-86e2b5ff3e27,392e8e48-6bb3-4b79-973c-6a3cd46a3b5e,2025-04-03T14:54:03Z
