post_id,user_id,viewed_at,user_name
b9995192-07d4-4227-bc57-60481cd4fcb5,54ed60e0-7638-40e7-afda-61bc0e88b1b7,2024-11-28T07:53:08Z,smance0
b51d0ecc-eda8-484f-bf40-56cfdd0ed082,38faa6fc-266e-4596-bad8-39355bd7846d,2025-02-17T09:48:44Z,fnorfolk1
9d40f2df-69dc-4dbf-9b8a-507d7b1bb9ad,4bc0bf40-19a5-4e6c-ac10-720131385b8b,2025-04-15T04:32:38Z,sdimitriev2
77a9c7c9-62df-4ac7-885b-cc12ce0397cd,6a111e78-e7f0-4fda-9d58-353ca99f9cb9,2025-01-05T21:15:32Z,rrubrow3
ea3f94d6-1c38-4fa7-b2fc-b85f0d5da1aa,996ccd7c-76af-4c3e-8779-d2e162c684c3,2024-12-31T11:29:19Z,opresho4
f79624f5-b98a-4096-a6eb-07b27e299376,fe88813f-42bb-415e-80e9-a2ba92897588,2025-04-26T15:25:32Z,jborgbartolo5
6a3fb409-8a5f-435e-9a16-f5ec88b65594,2bf22463-d070-460d-a98c-0149d0d035a5,2024-06-16T23:13:38Z,ccondit6
14a587b2-2733-4133-82ff-a3181b0c122e,57e74c4f-9a6b-4151-9642-22586ced80d1,2024-08-26T10:35:41Z,nmcphillips7
11fdf4c8-d9b8-41a4-8982-a5429cdb3a31,8f6a9c56-4f1e-48c4-b3f6-7417139fea6a,2025-03-19T01:08:32Z,cgrahl8
203ef9cb-48f8-4d83-ada5-473bf574cf82,575910b7-e29e-410f-a42c-a011b0a973da,2024-12-06T03:18:02Z,hbwye9
037c7b2e-f45f-4464-886c-52971b267983,a9690901-4be4-4b71-b0eb-32d4c3bf1cfd,2024-11-21T07:32:46Z,sstilgoa
5ef86d54-02fd-4074-b64b-2dd8f4e5dfcf,14fb9833-b8d5-4188-9d2f-be2bc1199ba4,2025-04-11T12:19:34Z,rjiroutekb
bc16dbb8-a30c-4bdf-b826-78117930e4c2,74c6eda3-8acc-41ff-83ab-789985f2991e,2024-08-27T11:45:16Z,dkieltc
b50a8b00-c665-4211-b6e6-cf621eb4df38,b53c602f-2115-418a-9bfc-06f1d82df142,2024-05-20T23:39:20Z,eklasend
6af03d87-14fa-46e8-84cb-1b3bcad99895,aeb4153e-af87-43f7-a188-47dbd0bb64ab,2024-08-09T04:31:20Z,cferrone
256ba077-b7b6-48af-b91b-94db65846de0,1519f88c-eb11-4e80-9f92-bc73e956b094,2024-07-06T11:33:08Z,aferencef
76e77e57-d5c8-41ad-9d38-6ed992798c48,eafa7cb7-9f1a-4dbd-9bcf-8061d4ddb676,2025-01-16T15:59:24Z,mridgleyg
41185a9a-fe89-42ce-bee7-0e8b38672f70,73814046-d38e-4cc1-a945-1d189b492ca2,2025-05-14T18:50:50Z,crefordh
a1d5700e-1c28-455a-b64c-a87e548501d2,53ca2ee1-a8cf-4443-8359-429d5c94eb99,2025-01-14T09:46:10Z,ntremellani
52a37ccb-6008-4488-8460-41d3c53757bc,d3718b4b-d9b0-42ca-ad12-9743044811c2,2024-07-15T11:19:04Z,tlornej
9a489ff3-709c-4a2f-959c-e722d5b69f17,4d23388a-49b7-4c97-aa9a-e379d0d1d0ce,2024-08-22T23:16:31Z,jrussok
4234cf0a-aa85-42b8-9aae-b0cf85b02c80,f1090fbc-57ab-40c3-83aa-3c7a5911d3ae,2024-10-22T05:53:44Z,ajaymel
fa86b657-17d4-4dac-a626-7cc481b073b8,f5c1eee5-77b0-4fdc-af61-b34fe21e1f19,2025-04-12T20:41:28Z,mcamposm
1db1da8f-434c-488f-a926-0560770b9dd7,3edfe06b-d9ef-4137-8bd3-c8daf048311f,2024-10-21T08:01:32Z,escurlockn
3b7832d2-ffc1-4717-9cad-e5d3a7411d1d,c9ee9b8d-1334-44e6-9307-f907934d370b,2024-11-13T12:28:54Z,macremano
529071ab-9894-4fcc-8c8d-7edc336ac163,0cfc49b6-6ff1-4343-9264-263d163fcb1e,2025-03-29T05:07:10Z,gfarmanp
c0aecd9f-7eb8-44c9-becd-f2c4985d8ae7,64006f93-0b6a-4423-bc9c-06cd825b2d1c,2024-11-01T17:55:32Z,ihelsdonq
6a6b226d-82b2-4f7a-a09a-0824edb11799,25f3c646-f3c5-44f0-a43a-3f2c492c9721,2025-05-01T02:28:11Z,kdanielovitchr
076f73a4-5805-43ca-a275-a2aaf9d53bf5,996924b2-f214-4715-aa5c-476904380ba1,2024-12-20T20:06:17Z,mmcgurks
df8aa539-09c1-4085-a697-451a54653acb,8cd51b2d-8568-4115-a466-a6d5df673c31,2024-09-24T16:23:09Z,asawlet
376b8c47-9f0f-4c25-bb8c-2b311284e5d4,772a7b9c-7986-4977-bcf3-4604574cf7cf,2024-08-21T14:06:29Z,myaldenu
f8d4ff13-466a-4aa4-bfd9-ef31f46a5dbb,502dc671-4e0a-4633-bf53-893b5f435d77,2024-09-30T19:54:46Z,aklaussenv
8f2ffdc0-203c-40ca-a7ec-e559665a6823,af3850d9-24d5-4e42-92e4-d8af1b66a4d2,2025-04-06T15:58:23Z,sgilhespyw
ab2d45c1-7f32-45f5-9b09-ed19575f13e3,2870e809-d371-4f35-82c3-d6ddcaa3b6fd,2025-02-26T09:10:21Z,tbampkinx
cfc5360e-8db9-4cb4-8261-d4d2a51fcc85,4e0e47cd-f9d3-4d65-a5b9-489a513f3c39,2024-06-30T18:20:56Z,mbatchelary
588f589e-aca8-4446-98fb-0cfa0a08684e,2234d14d-ef0c-4de9-8437-e6e7cb488eb4,2025-01-18T20:03:48Z,egisbyz
8fe6eeab-daec-4609-8b8d-d482a19a851c,f529d39e-d461-44dc-9a67-a9b5cb06f314,2025-04-28T15:01:49Z,mcircuit10
f20f0ef6-5939-4832-8f14-f5d3fd973a37,602f13e6-4904-4cf8-898b-98f5458e90d2,2024-10-22T19:33:07Z,ekassman11
4eb4ab2f-a069-4fea-91d2-c40db7733634,b4261bed-8ee9-4304-b6a2-e93e7bb7bf94,2024-10-29T16:17:12Z,lanwell12
6fc08306-5a7c-4399-8511-d4101e83e368,208bc847-86b8-4788-9bbb-3f1882e108ba,2025-02-27T01:30:05Z,bseabrooke13
6d668f0c-cc49-4223-819f-ee46b0be25b7,88b9a56b-9821-47e5-aa20-927294362dd5,2024-11-26T03:55:07Z,gsprowell14
eaa0ff65-0488-492a-b0ca-d4606afd5210,77c09d59-8a1b-4c25-a79b-0ec2c7a972ef,2024-06-27T13:29:21Z,lgeleman15
a5ce0408-493c-4fef-bdb7-600f03d52e85,568e856d-6514-4c59-95f3-9926a72fc0b6,2025-03-24T23:37:29Z,mfontell16
d0cbf03e-cb28-435e-9a14-2dc658ed425c,8ecbe243-123c-4880-84bb-94af73ab49e9,2024-12-01T15:25:05Z,aroumier17
dc515788-7c63-4c79-bea2-f6c55aaf43e9,9e7ae686-0b1b-4d34-8708-d6c4bcea4e8a,2025-04-07T16:36:46Z,cwylam18
aff517e3-7949-4a3a-a5cd-03559640c26a,6327da38-3c6e-4f0b-9660-ccedef8e1609,2024-09-26T20:23:39Z,llabro19
5a7ca033-aa81-4627-b18b-cc6590c2c992,3e5f828e-0a95-4234-95d4-6f4cc79f64fe,2024-05-27T14:15:23Z,ggrange1a
d09257a5-794b-450a-833e-88678bfbaabb,ad1c35c2-afb2-43b1-9d85-b9e99f49de9d,2025-02-26T15:32:04Z,fsheldon1b
571531d4-a584-4f0c-8f33-518dc30da47b,8c4f4ec3-613b-4210-b8a1-e46787ee87ac,2024-05-23T05:44:22Z,emussett1c
0ea9c721-2101-4ac4-8275-d5ec54f4a6ea,09dcbe56-43f5-41d1-8681-56079fce8555,2024-06-24T02:10:04Z,bbalchen1d
17417ee1-0a7b-4468-9338-14ad7db233e4,a2ee66b4-0d5e-42e7-ac44-1115aa091208,2024-09-16T22:17:16Z,ofitzsimmons1e
dff7a363-cb2d-4404-a792-a4706390e3f6,be6ca491-511d-42c9-ad00-e1885bcc7135,2024-07-12T10:35:17Z,cthomke1f
e27e04a5-061c-4bbd-b929-ece792ff47a4,f3771ddb-b1f4-413e-a882-222000d73c23,2024-09-30T19:31:24Z,mackenhead1g
72df9275-68d3-4938-9072-5f6e50a495b3,fb83a0e8-bf0d-4856-bee6-5a88dc7e43f5,2025-02-06T21:42:17Z,vspyvye1h
98c018e9-f2c4-4839-ae4a-60e46df3f23a,6dcb5b40-6574-44e9-a1c9-f001563e8962,2025-04-21T16:08:22Z,achattington1i
024f4d0c-9303-47c0-87e2-ca66d8ec44df,fa5b4dc3-07d4-4186-8ec7-bbde8d48ee23,2024-10-05T02:47:42Z,sbreede1j
5d97c7c5-b375-4f8d-bc71-6aa583c37468,b28b7910-4eba-46d1-a459-bb408830e443,2025-03-26T03:15:09Z,prossin1k
f0897a33-9182-4538-9226-bf90018523da,df977d4b-6e67-4fe1-b808-da0ab56ef19e,2024-11-19T03:58:28Z,tlobe1l
e5d8c490-9318-404b-9e2e-db7daa8d597a,06d78eea-cf93-4600-a819-87725876f32e,2025-02-24T10:35:17Z,kjanc1m
41b393e1-5500-4eab-9fd4-735e54d52aad,7da5cdb5-87f0-48df-b389-6d2f4c0acc2b,2024-12-27T13:27:21Z,wbelfrage1n
553e4782-40c0-46be-9a3f-98c685c7a473,421c5687-1228-4990-a9ca-624ef796bd58,2024-09-23T20:34:17Z,cwoollons1o
8ac14062-5fb7-46a0-9f67-1ca08e5784f4,b8b82392-c5b8-4010-a1c6-0afa1eaf5518,2025-01-24T10:23:38Z,amegarrell1p
1edafb02-a5b5-44ac-b106-5b0e0ea8b591,a6483fe6-5e0c-4a39-a412-79b76bd3d162,2025-02-09T03:56:46Z,bovenden1q
cb5e4cb0-1c8b-4244-b704-128a642aace8,7be526dd-39ba-4eab-8969-0322f43c28a5,2024-11-12T06:57:12Z,oshard1r
42ce16d5-0056-4b63-8284-a5d178a18395,2f0b0420-b775-4f57-a957-85e2cfc95bd3,2025-04-15T20:53:26Z,mceillier1s
04d4fb8a-8f6d-47b7-b1bf-061da5426acf,30e506f2-7a24-420a-a169-860fcf404fba,2024-05-30T02:31:03Z,wguiso1t
5610a330-85c5-4e68-9125-0b3aaf8e395a,85642069-8bb5-48de-ab68-b0001193c3bf,2024-06-01T13:16:45Z,arooksby1u
b5598672-3f49-4687-899d-81130f8a213b,d2649da0-8859-4a31-81ba-7988324ea330,2024-11-04T12:19:30Z,akealey1v
505c8148-a6df-4518-8fea-5a037e2009f0,b0de50b8-2c20-4d3d-986f-1c67e1b55763,2024-08-25T07:38:37Z,dgibbett1w
81073331-38ef-4a04-b778-f96174c1febc,18fbc0c2-7694-47da-b4d5-e5e8d7540441,2024-07-26T18:59:46Z,ncale1x
15e3c728-48e9-4891-a91e-06f7d50afe15,48603efb-8138-4889-b2fc-7b6bef43c592,2025-05-13T06:56:55Z,ebartalini1y
7f063710-97d9-4df5-8eca-e5fd9437b49e,775e4b28-59e9-495a-b095-598e43a666b7,2024-09-06T18:10:48Z,mwithams1z
9501bbc7-6861-48a2-8ed5-d3cd4d6ff523,e197f598-04ae-49f6-9689-826be677513d,2025-04-13T05:15:27Z,tkardos20
64fa70cd-3bcc-4128-b188-11f079f1b671,cc659a15-6d48-4da2-9476-e86e4b6503e8,2025-01-19T08:30:07Z,sastlett21
c3b1ef90-2e8b-486b-bfe8-4507a6da424f,1f4067ea-8570-4534-8755-ab27304316fd,2024-12-17T01:25:22Z,rstriker22
7d1c91df-b1bb-4f08-93a4-a528d182b218,ed63d317-3267-4649-9599-d72ba4314211,2024-06-15T09:53:53Z,momoylane23
5ce0b0fe-e3e1-46ba-b77a-4c2cf9f91934,3a59f286-be65-40a0-bfda-3c3cdd03ca9a,2024-10-25T03:55:37Z,wsolesbury24
c683109c-8393-41d8-b15a-da019d53de13,b58693b5-36b6-43ba-bdf9-e8811c32c387,2024-11-01T02:56:27Z,kcoots25
907007c6-e36c-480a-b1cf-b31ce953ed3b,0a9192e0-7695-4dfa-9bcc-00df6c4ce9aa,2024-09-18T05:35:32Z,gtitterell26
ca756d78-b504-405b-a86e-6cd483da6e1b,01a5352f-708a-47ab-8df2-d094e6dd1870,2024-09-26T18:16:35Z,hmuckian27
faf0d4b6-3ff0-4eb5-a7c8-015c0ca9619e,bc10e2fa-3a85-4129-b150-06529cb3782c,2024-11-02T22:25:49Z,ahrinchenko28
fd048e32-1e7d-42f4-9883-a404e20544c8,f66c937a-a430-4dd3-bfc5-9751183c5302,2024-07-25T17:32:23Z,rgahan29
e00715fd-758e-4f52-b1bd-e6c9e06c450f,6b004988-0498-4a16-adc0-431568f52ce8,2024-11-26T22:08:45Z,lhamshaw2a
2ab25113-6297-4aec-a80e-18ee5e000948,e555aa6d-9b5e-4ae5-a233-aed5309fb8fd,2024-08-23T03:44:31Z,dcoggan2b
4d373ddd-87f3-4231-b292-756ff67350e6,73f7dd83-0d6e-48ef-bdab-40ce03dc5dc0,2025-03-16T18:07:22Z,pcallingham2c
7f02da32-ff44-44d8-8aae-6c72c735e31a,69ddf8b3-43a1-4006-8cf9-7efa48601e8c,2025-05-02T22:36:16Z,hpoppleston2d
57c974c9-cd15-4cb2-ad79-f855299d56f1,516c4ac6-692f-415a-9ce2-40411c5fb00d,2024-12-15T02:02:57Z,flightbown2e
8ee4ced3-e277-4cee-b7e9-8ca3469fd11d,9f9ddeae-8204-41b0-95ee-89c65840d853,2025-03-22T16:40:13Z,aekell2f
7d7d3fa1-8f80-4fe5-b91d-373d147316ce,646f51a3-4004-4cb2-89b1-20e800a08130,2024-09-16T13:41:38Z,vlagde2g
98b1e764-43ed-49ee-88c5-f2f6dd1d2fe6,3d66bc8d-b397-4c58-8413-39cc3c7a5996,2025-03-10T04:38:08Z,ntheaker2h
2aa689a1-4499-495f-9e62-a4837cef3c3c,22167820-1b4c-4350-a2df-023da60336af,2024-11-15T22:08:39Z,awingeatt2i
12bd4012-1c31-4cc7-9924-c7ace667be9b,e5021e2e-f05e-4ffe-96c2-535bb9a24a02,2024-08-04T11:09:21Z,jstout2j
a7f1dbbf-e6a1-41d9-9aa2-59da824a3dba,201218f4-3a8c-4519-9ea1-894fd8c8a86d,2024-10-27T07:22:12Z,gcoraini2k
a1fb0fea-3f0c-4479-baf4-aa2cad9686a5,9ec1bbb3-ccc2-4b4c-9256-1f2e5037ee9b,2025-01-20T15:01:39Z,bdelouch2l
d7e7e7eb-db33-4102-86b7-54004f50e6a6,6d6aa387-bff7-4017-bd8b-876f1e99fea5,2024-10-27T11:37:45Z,vklamp2m
ba543f30-3b56-4526-bfbf-fc4d91894188,b0b9362e-7370-4967-8acf-8c469a64bcea,2025-02-14T11:59:18Z,cpilgrim2n
92bb5648-1754-4982-b949-a32afceca0d8,30154c0b-0ce2-4893-a0d3-f84121d34763,2025-04-26T15:41:16Z,epetrik2o
9bef2d9c-233d-4b0e-840a-324a1e467707,539a5a2b-e878-4d76-ba8a-5280bed7a190,2025-03-16T07:37:21Z,boldis2p
2f68d825-9f19-4284-ac67-bd178b64f238,53087b3f-8031-40fc-a22a-0c0b68643c5d,2024-10-19T20:35:38Z,epickwell2q
d5643bef-3ae8-4fac-ac3d-e08e2c351126,accfa3d0-4b91-454a-85c4-a32a8539ae26,2024-08-27T21:20:51Z,fcaiger2r
