user_id,post_id,saved_at,user_name
3707d124-8872-4b0d-8d1c-757229a7960c,f5bdc13f-fde6-4843-bc5c-8537c7bde46d,2024-06-11T08:02:14Z,rscallon0
8b791739-5475-473e-aade-d52d5759f271,95af6c3f-371a-467e-81a5-518bb81fea4d,2025-01-08T21:28:29Z,sfitzpatrick1
e4c95a12-b515-460a-b920-9854cbcca207,633d4aa6-9ed2-436c-a60a-6d2ed1292c40,2024-07-26T07:51:14Z,esprade2
0f01e56d-e07d-4c35-ae95-1551865872ba,6c574c72-32bf-4855-90f2-3c2eba16c831,2024-11-25T04:41:22Z,kjordon3
461a4cc8-2eb6-4b74-8b94-bbed60c0572c,3d97b57b-5775-4cfc-b697-117306daf81a,2024-06-28T22:18:34Z,hsapsford4
879fe2c6-919d-4d0f-b55d-f801a5fbadce,5f49d432-e0aa-4074-af65-a17733e747cf,2024-09-21T14:45:28Z,cscimone5
35f200eb-feff-42ba-a269-8b88cebc9d82,0a568d16-7c26-4cd0-8716-9776c805e98a,2024-10-10T22:53:49Z,awinn6
ce004463-cda8-4437-8886-5c3739117dbe,ef91b81d-b8fd-4060-bbab-5d429e5ed6e3,2025-02-09T22:34:39Z,lblackaller7
d134f24b-4eb7-4809-9300-8acd99a14197,11b3218b-619d-4ad1-8b10-639638aeb696,2025-04-17T06:34:14Z,bwinspare8
6890666f-760d-49d4-b8c2-a796b85c9813,6aea08ae-f797-40a5-87b3-92badb423dec,2025-04-28T11:51:36Z,epearce9
d922592b-d7d3-40e4-bf12-edeeecc9e4b0,feebf0f1-99a4-4265-93ae-66f06580b70d,2024-09-23T15:02:27Z,bjirouteka
781b9759-e390-4839-8e36-14e92b019807,da52542c-d516-4431-a8cd-b2a51d4500c1,2024-07-16T13:15:11Z,hfoldb
1d641698-be5a-4fd6-ac62-857fd4d3e8e3,009cbbb5-1843-4fe5-abd1-bf41083e1c50,2025-01-02T11:22:33Z,econenc
8c011aaa-f4f7-4b38-a8b9-8787c01ff42a,1c118b72-8cd8-4a33-a4c7-69667050aa97,2024-12-06T02:35:21Z,pscalland
863f492d-1377-4398-a916-3a44a3eda380,9dc13a6d-eb9b-43cd-8a5e-7b380219671d,2025-02-18T23:27:01Z,clindenbluthe
40b50409-2015-4e2d-986f-55710b5554c2,d3124004-7aaf-4f6f-b37f-ede9d0e2944e,2025-03-27T04:33:24Z,gsimonssonf
e9c49a72-6dfb-49f2-ade9-d32fc102eba3,95ea14a0-65df-4d3d-a8ed-872028ccf5da,2024-09-05T02:35:22Z,hbaddeleyg
5b7cd21f-5d72-4363-8222-37ccd3b90915,986e5939-b7e4-4df8-a84f-5a0d0c423898,2024-09-15T22:50:20Z,nwoosnamh
44a3e2bd-9c4e-44d6-b564-b2054a48e4f5,8955c2b2-aea5-48c2-95c0-904eeb213871,2025-01-13T03:19:39Z,ldellai
fce6d8d4-5523-455c-a7d7-1e19c1807d9e,bdf7074d-4abe-43fc-9498-bcb726211cb7,2024-11-20T07:53:19Z,aogroganej
523fe8bb-71c5-4235-8083-9b20c5abe19a,81641a53-842a-44c6-b565-a36549812832,2024-12-25T23:28:33Z,thakesk
1a6a1762-9c43-4ff7-8159-33bd4608fe55,58018994-c82f-4280-99de-5fc4690926eb,2024-11-01T22:37:53Z,aannelll
3e9b7e46-d91a-4ed7-911f-0c230c00e773,ffec08d2-81e4-4730-b8e7-7af9878bd442,2025-05-10T15:22:50Z,bjeannotm
455ce29f-5ca3-41be-ba24-0a8931105f52,b365890f-816c-4e07-9870-d07bd86ea87d,2024-11-03T02:28:56Z,dfochn
e5b159ed-d49e-4aea-9667-16a038ede822,522dcb09-89b5-4488-8270-db6dc889bc00,2025-04-30T06:52:18Z,ccapenero
c1f46b51-813b-43e5-ab61-3229348f41fc,fd429008-6cb0-41c3-86aa-902b607e5f60,2025-01-20T07:45:34Z,avettorep
2b033286-13bd-4fc0-a7be-348e68a2cf39,60a7a76a-20e8-4277-8468-ac9e276f700a,2024-08-29T11:56:54Z,gdunkleyq
320fae34-1c81-4326-850e-b129c2b83292,ac6c8285-afc5-4329-bd19-2f52e6f195dd,2025-02-02T09:03:47Z,sbraneyr
bcbe9f00-4a93-4c19-af58-a8f717fa712d,96b0b7df-ce46-40cb-84e3-ee769f514b51,2025-05-17T15:17:19Z,jjohannessons
30bbc999-f3d9-4377-aa0f-d903bb2fc354,3dab17e9-cd8b-4965-a39d-faee02b7e670,2024-12-18T09:30:06Z,ngeytont
251af928-6d14-4f4b-b43b-2444da4ee10b,a1001dfe-e020-4632-bfa5-69cf0cf6a7b3,2025-02-23T20:36:24Z,ibavageu
64290eb9-82c0-460c-a59e-1ad35dc8dfd0,8e36b903-3915-4e53-a7bd-0bf9a7d75940,2024-06-27T14:18:57Z,dconringv
fe2ebc3c-07ee-4e40-b7cb-bcf0cd86449a,171dae34-59d0-41e8-a12c-358b83fda831,2024-09-06T23:20:19Z,twingarw
701c67f8-7a8a-4cf0-b628-e284e9de3587,fcf389ea-498b-4744-baa6-91e925428cec,2024-06-09T04:55:11Z,lbuntinx
94f841da-01b3-4475-a636-739d9509ca38,3f3ea151-566f-40e6-aa3c-098ebd0dac3a,2024-07-11T08:28:02Z,mscrutony
10d24a6e-424e-4d6b-8fff-87ac64b90ef7,da0d97cf-d31f-4af6-be49-196e8f1d4092,2025-01-03T06:10:56Z,dtrittamz
90418011-1595-45b2-adda-24f4ac4bdf75,a4eae4c0-ef4c-4045-b181-cd0664219407,2024-08-14T19:08:42Z,llongcake10
7c4b7733-0f00-4afd-87a8-d649686012a6,4159348a-80f5-461f-8f6d-b134d4961e31,2024-06-03T03:39:12Z,apidgen11
9db988ea-afa2-4087-8d6d-4737abc5716b,4a895a8b-2a24-49f4-b079-71d359e56343,2024-07-16T22:17:41Z,dswallow12
d1dff551-6992-4188-ba7d-73f12d009803,0a1dae81-00f4-482b-958e-a152e99b5486,2025-01-04T02:40:58Z,ssneden13
24bd4cdc-a346-49f2-806a-cce9d6bf6c42,9aecf943-4ff7-489a-b2b2-027eeb4a51be,2024-12-18T02:43:32Z,ddaldry14
48531e33-560f-42ff-ab5a-34e107f60640,e4625752-30be-4cbe-9f2e-1575a0d93f0a,2025-04-30T07:17:19Z,keardley15
c0016c84-c5df-4b80-9dca-a1efa42e9990,bf0ade21-5c17-44fd-8389-7471c2b5fe29,2024-07-08T16:27:55Z,soddie16
fc5a38b9-56a6-4df4-9522-ccfe19552dde,1d575bea-3aa7-4cc4-b8b0-81da46642c0e,2024-10-04T23:00:36Z,cmcculloch17
e6a72f57-97dc-40a1-b0fa-14af7b3ed1b8,2c63cad5-f097-4f95-ae3d-db439365e88d,2025-02-11T23:57:28Z,kmacfall18
f244cbf8-4491-4174-90f4-2cc56ca8efcd,622d1c14-fc5d-40c9-86d1-65a837481e23,2024-12-29T23:38:21Z,grunciman19
cf5d7f6c-2e41-43c4-9aa1-bbf56c5f9de4,b7433a52-7919-4175-a3f2-86d8efa623c1,2024-07-16T09:22:21Z,osahnow1a
ae93b87b-8bfd-43ff-8dd8-feed32ef1cd5,7601d4d8-0b1e-4516-b7f2-84b0e8371814,2025-05-02T10:02:00Z,sleggan1b
134c06ee-0014-4432-87ff-9959dbef1af0,79c04009-4b76-4dad-9b6a-8ac35a6a630d,2024-07-02T19:19:28Z,szipsell1c
022426b9-013c-4cd5-9e08-c29dc8c6a8c9,ce11a4c0-5523-4e68-a58a-9999c3a27599,2024-09-29T09:41:04Z,nlouche1d
0e40b7c6-0a6d-473b-9d60-6aab49d3cb4f,8982d431-c09e-4575-8888-a2b071195d7c,2024-06-05T16:41:53Z,fkellart1e
6cb9a745-c5d8-423e-abce-78f11301ed78,a3dcbd1e-f6b1-45f3-b4ff-a0858dce40ee,2025-04-30T07:56:54Z,lclimson1f
200d4c4c-dbc8-499c-8045-5239efd1a33c,3706a6a8-906d-496e-916e-cb519abdbc20,2024-08-28T02:57:07Z,wquilleash1g
5683c723-f940-4fce-98e1-d2dc6f2d3e90,cbaf2b52-50b9-4c50-b48e-6b50d7f662c0,2024-09-16T03:09:10Z,sogorman1h
2ab09de6-93b4-4e0e-a85e-f1583955b4a2,c144e97a-fc9e-4a86-8ae2-04d13630d383,2024-07-10T17:42:13Z,tgiacubo1i
abac02f6-e2c2-4bc7-97a2-01500455b4bd,59d82528-d3d8-40dc-b78f-8584f9401b56,2025-01-20T07:58:05Z,gdown1j
112b6cf5-55a5-440f-93a2-1b21cc6815e1,77b3f25f-5d24-4446-b43f-1e4cb20e0dbf,2024-06-18T11:15:20Z,ikerswill1k
97312185-532e-4889-8c80-99de094043a9,1693a700-6754-4d3e-bfe4-8109d1afce2d,2024-07-14T21:51:21Z,mgoodwins1l
ddd15f7f-effe-48ec-b5d4-a96b2bea711d,31e59fc5-5c92-42f4-b5a3-5bbf07da9a2c,2025-03-30T20:50:31Z,bisacsson1m
d06d0063-75be-4b7c-8b29-dfdf45b87c34,914ae1c9-2766-4caa-b46b-f72fa4e5cacd,2024-07-07T06:53:40Z,kgayforth1n
24b512fa-baf0-4931-b68f-b22955d6b1a6,60cfa970-0a58-476d-b959-78cc1d973aa4,2025-04-27T14:46:15Z,glazarus1o
165cbcae-4667-4f85-b068-667de43bb123,6cdb6fa2-5284-4f9b-a01d-9343fb3507f7,2024-11-21T19:40:53Z,cwilstead1p
8aa1fe66-245b-4e06-a67b-3c8144675d43,00102a0b-9611-4a37-8f3f-3115eed7c72d,2024-06-06T19:18:50Z,shoovart1q
0f761a26-c04f-4762-a005-48247105f028,69eda984-1d0a-451e-b53f-ddf9c65b706a,2025-01-13T12:00:07Z,nbarringer1r
48411b6d-9a8c-4166-b35e-d461398fb965,ad1b74df-708a-4128-bf3f-0cc46af51712,2024-07-03T21:06:52Z,dvelareal1s
6735c4bf-c9c7-4f2a-b770-710e02760188,23deab18-c4d7-476b-9dd5-e41a93669e43,2024-08-07T09:13:24Z,nbonifazio1t
c2773ff7-af2d-4cb8-a183-cd12cee3fe4b,22a2237d-3099-489a-af89-5cd57f9c68d2,2024-05-18T10:15:16Z,eprime1u
39117680-b52c-4f03-815d-23be7ead129b,72c428ef-cbe7-4040-8af9-27c2e31d84b0,2024-12-07T22:50:47Z,kschnieder1v
3413d8fe-1cd9-4870-b8ba-9d3e17f267da,e7adfd84-8502-42ed-8410-d7a316dc4f63,2024-08-16T13:34:42Z,scrotty1w
ff44d99c-6213-461f-a2c5-954f455231c1,8e2d75d7-3ce2-4dc1-ae8f-f94336dd79ab,2024-07-30T21:26:16Z,mtrowl1x
1d764546-fc0f-4586-b5b1-8e02178128ec,50edd407-a52d-49b2-8ee9-ef9078bb2db9,2025-01-30T06:37:59Z,fduffitt1y
f1d93990-0b2e-4ec8-98d6-f42b702a9ba0,568a91d7-957a-458a-be5d-8c6f728175fe,2025-01-15T16:38:14Z,shannant1z
b814f4b4-02e8-4bb7-9fed-280818adba28,4e5675a7-81d5-4c49-b43d-42b62800553f,2025-03-13T13:57:56Z,thalsho20
9c63f302-eb10-4734-b69d-c2a7cabff20a,1ff0c696-8436-431e-b917-8f3b115264c1,2024-10-23T12:21:39Z,ngerbel21
82809279-78da-47c1-9c9d-803d2f4ba316,d9a746d0-2911-4327-9cdc-ad0e49d3d13d,2025-01-31T10:20:51Z,akeasley22
934c1bb0-0d75-430b-a360-4635c4872db6,2c002e7e-cc8d-4df1-b479-9609d5996996,2024-12-29T09:02:46Z,dstranahan23
6754a077-e3bb-47e9-9425-aca00541192f,cf4dd970-1533-497c-b92b-9c51a461809e,2025-04-07T08:16:38Z,ksandaver24
1c838929-1b61-4bd5-afd2-91742b236ca2,abef4272-123e-4ee8-b143-2ffcea5de702,2024-12-03T17:24:31Z,mkail25
bbe96d6a-1e47-4aee-9d50-fd5dc70d586d,339d7f70-fe77-4e16-8cf5-3c50ff78b282,2025-04-07T18:36:16Z,dwhite26
e96d324f-9a7b-4933-a0d7-f4fb9bf7dfa7,f1fd7f8f-877a-426b-8307-67bf113d1f3c,2025-04-01T11:06:28Z,dtibbs27
ede15c6e-b649-49c5-808f-7651a43143f7,1d7daed9-30b6-4c40-92a7-bcdba0c8ebcf,2025-03-05T19:37:33Z,nchapellow28
2d6f41c6-d3b6-4942-ac21-1d37fbd675d4,624dec29-8a61-424a-bf64-04f75cc1589a,2024-06-02T09:46:29Z,sglentz29
8f376d21-e4fd-4da1-9819-12c7a199a09b,bfde6727-efbc-4d40-be02-f67c1741fcf0,2025-04-28T13:50:27Z,fdibiagi2a
a77039de-71a9-4cfb-9aad-5a02b296d321,f080821f-1e35-4adc-b12a-7be7c43e9e2d,2025-03-02T14:02:50Z,mprime2b
2a485d57-a950-4c85-b107-36013f8f7f42,b7cd6b75-b2cb-4372-8e83-15d0a3be0618,2024-06-09T03:40:40Z,rstanden2c
ed1bf68e-1cbc-410b-bfd4-8c13bc8f247b,c84204e0-de57-4a9f-b7ba-a1fce91b1336,2025-04-05T00:32:44Z,smalling2d
9a3bd529-f484-439a-9fb0-beaf29f8a07d,2ccddb46-06ae-410d-b71e-e66012d83dcf,2024-09-01T10:18:32Z,bhallut2e
22590aac-b98b-46d7-8bf7-382c4f55aaa0,9c5974db-a4d2-4ec3-ad04-62c1750d026d,2024-06-17T02:57:26Z,tlefleming2f
f10b89b9-8c04-4af8-8b7a-dc5d180dd020,1defb7d0-f257-43c4-acaa-84bb5ced9db7,2025-04-05T12:16:32Z,shaitlie2g
a2bd9562-da3d-4a77-baf7-a014daec5a51,0bfe70d8-e109-4626-8f8f-03c0a8dddbb4,2025-03-01T14:54:38Z,cwillavize2h
64098a97-a511-4e39-9e2f-42a1c7ab4857,bd97dfc2-3d56-4535-ad83-e4381dc9639e,2024-12-02T01:14:53Z,jpalley2i
48dff6b4-e5b9-4aa5-901f-9e7923afea6c,ee1fc909-be99-4778-893c-9abbf79667a3,2024-11-01T21:02:52Z,mtregona2j
4f583e16-a08d-4901-9f70-a03f22db3527,d203f968-c6de-413b-bc5d-afb434ee0f1a,2024-08-24T13:39:57Z,jtrorey2k
51818bed-a8a8-47c7-a18d-28969c03f4e6,abb3abc6-ac27-44c5-8e8d-e830c9e50423,2024-09-15T09:51:21Z,djessel2l
247db269-8f7e-412a-8cb9-56d7f612f66f,135dfb3b-a0a7-4bad-8277-ed7f75db938b,2025-02-20T18:09:31Z,aviggers2m
99173f6f-ae38-4c8a-9ce1-a2120f3f41c0,e666367e-eeb6-41fa-9a95-9bd5fbfe2f32,2025-03-24T00:09:47Z,adobel2n
98d9511e-5276-46e9-8057-058ce02ca11c,8418670e-54a2-4a98-85fa-6cfd59977133,2024-09-16T17:21:05Z,mpridgeon2o
4ce54de1-20fc-4100-9eb5-27304c9db674,17257206-3ebd-4b0f-8007-5ea80b71cec5,2024-11-14T09:14:43Z,maxston2p
184d3188-433f-452d-909c-60e48dd61456,d4c6b116-1314-47f4-bb13-2d3b74c1b9e1,2025-03-16T07:10:52Z,druffli2q
20d03b00-d336-4ad0-a6ef-9f51bc1327ad,ed2c8108-b044-4a3b-a370-407fcf64d310,2025-03-06T08:07:28Z,mkadd2r
