row,post_id,content,timestamp
1,p1,audio,2024-12-24T11:58:43Z
2,p2,image,2025-01-28T18:25:36Z
3,p3,image,2024-05-15T06:10:37Z
4,p4,image,2025-04-05T18:25:57Z
5,p5,audio,2024-05-05T03:57:40Z
6,p6,audio,2025-03-14T08:08:17Z
7,p7,image,2024-06-28T09:48:01Z
8,p8,audio,2024-08-30T21:53:33Z
9,p9,text,2024-08-25T20:58:22Z
10,p10,video,2024-03-30T09:52:20Z
11,p11,image,2024-04-15T08:51:03Z
12,p12,video,2025-02-28T07:38:25Z
13,p13,audio,2024-10-05T18:16:26Z
14,p14,image,2024-12-21T01:15:14Z
15,p15,video,2024-07-13T22:21:54Z
16,p16,audio,2024-12-19T12:05:09Z
17,p17,video,2024-04-30T18:10:55Z
18,p18,text,2024-09-18T11:53:17Z
19,p19,video,2025-02-20T23:05:14Z
20,p20,text,2024-02-19T06:40:19Z
21,p21,video,2024-06-27T06:35:42Z
22,p22,text,2025-04-02T14:50:21Z
23,p23,image,2024-06-20T08:31:06Z
24,p24,text,2024-08-15T00:54:27Z
25,p25,image,2024-10-12T13:30:37Z
26,p26,image,2024-06-12T06:41:12Z
27,p27,audio,2024-07-09T00:32:53Z
28,p28,video,2024-05-12T17:08:38Z
29,p29,image,2025-04-24T13:53:44Z
30,p30,audio,2025-01-17T01:36:42Z
31,p31,text,2024-01-31T22:06:49Z
32,p32,audio,2025-01-12T10:25:51Z
33,p33,audio,2024-06-15T00:47:04Z
34,p34,text,2024-09-13T21:56:22Z
35,p35,text,2024-05-18T08:05:15Z
36,p36,image,2024-05-12T05:33:04Z
37,p37,text,2024-09-22T07:45:40Z
38,p38,audio,2024-11-27T10:43:53Z
39,p39,video,2024-11-05T10:37:57Z
40,p40,video,2024-12-12T01:57:28Z
41,p41,video,2025-04-24T02:53:39Z
42,p42,audio,2024-08-25T08:53:18Z
43,p43,text,2024-05-23T09:56:41Z
44,p44,video,2024-08-25T14:41:51Z
45,p45,audio,2024-09-15T08:28:00Z
46,p46,video,2024-08-12T00:39:29Z
47,p47,audio,2024-09-21T23:16:36Z
48,p48,image,2024-11-28T12:31:37Z
49,p49,image,2024-08-22T10:49:57Z
50,p50,text,2024-03-24T03:08:47Z
51,p51,video,2025-02-28T09:55:13Z
52,p52,image,2025-04-27T19:42:03Z
53,p53,image,2025-01-01T06:10:30Z
54,p54,video,2024-04-25T02:43:14Z
55,p55,image,2024-09-19T00:54:19Z
56,p56,text,2025-04-08T23:38:56Z
57,p57,image,2025-01-22T16:37:04Z
58,p58,text,2024-02-14T04:26:29Z
59,p59,audio,2024-09-02T21:53:47Z
60,p60,image,2024-05-27T00:22:36Z
61,p61,text,2024-04-03T04:41:04Z
62,p62,audio,2024-01-03T12:10:58Z
63,p63,text,2024-07-16T12:50:32Z
64,p64,image,2024-12-28T20:21:16Z
65,p65,audio,2025-02-13T15:09:49Z
66,p66,audio,2024-12-05T19:22:41Z
67,p67,video,2024-07-21T12:55:33Z
68,p68,text,2024-08-16T04:19:55Z
69,p69,audio,2025-01-14T05:53:43Z
70,p70,video,2024-03-29T02:25:23Z
71,p71,video,2024-09-05T14:42:44Z
72,p72,image,2024-05-08T06:36:18Z
73,p73,image,2024-09-24T13:00:05Z
74,p74,text,2025-05-15T06:43:13Z
75,p75,audio,2025-02-21T03:11:22Z
76,p76,video,2024-01-24T07:31:24Z
77,p77,text,2024-11-17T21:33:50Z
78,p78,video,2024-01-25T18:41:38Z
79,p79,video,2024-04-27T13:43:11Z
80,p80,text,2024-07-02T18:47:46Z
81,p81,video,2025-01-27T18:10:33Z
82,p82,text,2024-11-27T16:46:36Z
83,p83,image,2025-05-09T15:25:57Z
84,p84,image,2024-06-19T18:58:08Z
85,p85,audio,2024-11-01T01:19:53Z
86,p86,image,2024-02-12T16:48:16Z
87,p87,video,2024-11-10T22:02:30Z
88,p88,text,2025-01-10T03:58:17Z
89,p89,video,2025-03-27T12:47:17Z
90,p90,image,2025-05-07T22:11:39Z
91,p91,image,2024-01-02T16:19:56Z
92,p92,text,2024-03-08T05:52:14Z
93,p93,text,2024-06-10T14:38:18Z
94,p94,image,2025-04-26T07:12:36Z
95,p95,text,2024-05-05T04:52:44Z
96,p96,image,2025-03-23T16:36:52Z
97,p97,video,2024-08-20T23:25:19Z
98,p98,audio,2025-05-09T17:59:07Z
99,p99,video,2025-05-01T19:12:42Z
100,p100,video,2025-01-31T16:15:02Z
