user_id,post_id,saved_at
4defb4f8-f5e4-4a14-8932-003ab12a90bc,b81fbd57-a2b1-46e8-924d-d5e94f7e7e43,2025-03-06T23:10:19Z
750944f8-a5aa-4049-ba74-9ddfeec4e345,5d16274f-7433-49e8-a4c8-252f8b1a393b,2024-06-17T13:29:27Z
598a780c-93f1-46dc-9816-1fe93083bde4,c89bbf99-2ee6-4b49-851e-820441c90f03,2024-08-04T14:23:36Z
9bcd61b5-3c07-4933-b7c8-039ea26d47ff,0cd16d25-e45c-4da2-b2ad-f0365d79c8f5,2025-02-05T15:02:12Z
f70f6535-9b09-419f-8a02-4c275ade190f,6cc4293a-02b9-4674-aa8a-fadf8ee0244c,2024-07-17T19:41:36Z
ade6e2f1-9f31-4d8d-9296-087778508b40,0021521c-5d10-4e1d-ab7a-01db9c01753d,2024-10-23T06:15:27Z
2eca1202-b104-4132-8a23-2a52034da0d8,50ecbc51-1bd1-48aa-834b-f1d90c3e6ded,2024-09-21T04:56:34Z
675e1d11-b184-461b-81e2-53bde4e64509,d8af3fcf-ed08-456f-befb-320c934b474a,2024-07-08T17:34:49Z
51491969-cd39-4d08-a2f8-7d7c06515035,60e4944c-6c82-4950-9896-da9cac13f045,2024-05-24T11:58:50Z
2421b193-02c3-4a68-b364-b53425445d48,28df3b4b-0258-4d9f-9453-4c4be94f83fb,2024-09-15T05:14:58Z
3f1ab3fb-7d13-4155-9653-6ae79a369fac,7f5483c0-9067-4bf7-8801-21e2b4ce9922,2025-04-18T05:26:39Z
0cb32d4c-cd61-49ab-bf17-1d20cad828f6,053f1904-f4b7-45bf-aec9-797be6edf2a8,2025-02-21T07:30:16Z
fc441498-6545-4478-9e2c-71826edd5bf9,f5a270a5-e50b-497c-a733-7ade33ace251,2024-12-25T00:37:15Z
9aa62946-3451-46b5-bfd1-ee0353d6bd06,18a958a1-7e10-4fc6-9807-b723fca63530,2025-01-06T23:14:50Z
4898eaa2-d8a9-4a70-ac35-0aefb30bcd91,5af842de-b791-4d78-ae8c-fcda07c0fbd8,2024-11-25T15:53:32Z
40f19ad4-0cb5-4c2b-bc2f-63b72b45c89c,c4b91641-0cf1-489e-b03c-df01e6d7f1a2,2024-07-16T18:05:28Z
4f077f33-fc94-4150-8237-fa841911237c,336b525b-258c-4cf0-9dbe-e31d353babb6,2025-02-19T18:53:09Z
05adca7d-dd94-4b95-aeaf-e4f4e400975c,13e24db3-491f-4574-8e5b-b22db5d82453,2025-04-28T09:27:46Z
be7b94db-2899-4c73-800f-4675c18d0c48,a61d12b7-3cac-4b4a-bae3-25abf528d50d,2025-02-14T16:16:27Z
1e3624fd-09d6-44f3-af45-60bf07b9abc4,b8e2b0c9-6206-48b8-982c-351604a0b5e3,2024-12-20T07:23:51Z
89aaa5b7-4807-407b-92a1-6c538bd07f7b,8545407a-790d-48da-bffa-5f3664205d72,2024-12-19T15:56:18Z
95f5554b-2526-4f4a-93cf-975104e6e952,4d68a55d-3c32-4bf8-9995-0c7a7d251c7f,2025-02-14T03:59:58Z
880d0321-a26f-4089-985b-ebc1074e3b84,0d28afdb-2a13-4329-94c2-06ea237bb212,2024-08-18T16:45:10Z
98c26aab-5315-4e22-9675-cd9fe7379412,54e11539-8f2f-4347-9ee4-610ec7afbd3e,2024-07-02T05:08:30Z
ff56dc78-dcac-400f-af14-224a7acdfb85,41179549-1256-43ca-a7dc-1c4a5bc34e79,2024-10-08T13:02:59Z
5d20bf3c-3e47-421d-8cf7-b58a634d181b,530e1f76-d97a-4c32-ae74-03f59c8a22d6,2024-08-28T19:30:51Z
e01010db-c59a-4a56-aafb-8c6ca38fcf29,23c370dd-ba5d-4ff6-bc26-4b7f31e96948,2024-09-19T07:06:01Z
33275f61-29a9-4b5d-9823-e395ec2f38bf,76224dc9-f98c-4320-a9a3-46b55325157b,2025-04-01T09:22:22Z
78e22d2c-2576-4203-8baf-7e16f8871463,05f0cf3a-aa08-4336-a80f-08f4b1b0048a,2025-03-05T12:28:14Z
875de90c-24ed-4da2-b37a-755961b6da59,83e14bc5-96b3-4e7e-b4ca-ef0b8b92ba08,2024-09-29T06:10:10Z
169939ac-b59f-4de9-a8e4-e6e98d7a83c8,212289e3-26a4-434d-9099-a8b39de94288,2024-12-12T09:23:24Z
596ecf86-c213-4c92-90a4-e7228b7e4f3e,16e26b13-55be-44f2-b530-9c7fd64b5ac2,2024-08-18T18:31:52Z
f28ed086-5bd9-443b-b71d-1a71dfa06429,9774d2c5-36db-4c72-96aa-ce56db7278e7,2024-08-31T07:43:21Z
ad30d5f4-fd47-4dcc-a3c1-b2f5d52efe2e,fb026485-eb65-413a-9044-b3bcb588e4b3,2025-04-03T13:53:52Z
17b2f793-79f5-46b9-8f5a-efd459b38c42,fe72f092-ec24-4056-860a-5df6ff2d4a8b,2024-10-19T09:33:05Z
4d15e397-5edd-41c5-a2ca-dc830abf9f2b,45a0f4d2-39ad-4eb2-a073-b0aa8beca378,2025-04-15T05:34:45Z
7522508e-4194-40a7-801f-bddf3ec3933e,14bd1045-8e66-4afd-911f-048c58662f88,2025-04-16T23:09:24Z
3aa91adf-2375-4e95-a9bf-bd90a673bd1f,dcefd920-4249-48bb-abee-016b170b27bc,2025-01-01T15:02:03Z
4f5096e1-e589-4aca-80a2-ee6b561f415d,19cfcf7c-55f4-45ee-87fe-349ca6ead2d3,2025-02-10T04:29:45Z
9f28d021-4346-4ad9-b124-5b9dac2ddeeb,f033dca2-c8d1-4b08-83cd-5953a34dbe2d,2025-04-30T02:13:14Z
9133f048-80eb-4a54-a2d9-a71078cf11bc,63ac0e97-d7a1-46bb-b341-c51536d50750,2024-12-04T05:31:43Z
b1f7eb82-9a2c-4336-9a34-0bfb1df4e688,96e76fd1-cc66-4799-ab31-ddb5a4005acd,2024-09-23T02:53:13Z
eb14e4e8-0dae-44e1-a11b-4d6a7442674a,86644268-ec73-40ee-8168-0b8d4fb17b74,2024-10-26T05:05:14Z
d187b34e-881f-4aa6-bb01-979886101744,1148779f-5299-40a7-b2be-71d3fbcdfa92,2024-11-22T08:44:08Z
0cea96e7-9184-4cc1-bbb5-b58a4892ae98,47b183b2-0997-4272-a21d-d5725cc62041,2025-03-26T15:56:51Z
152f1fa3-74b3-44d9-9e18-8a4659d32220,fa581853-6003-48f8-a148-f447ad5720a5,2024-09-27T18:01:01Z
12e8ef74-e6a0-4797-b960-24abea5c73f6,75f42c9a-8d98-4a08-8f6e-2059e9d1b221,2024-11-06T12:04:15Z
e8d842c7-511c-411f-a2db-932ee591bd78,3df3b024-fe25-4e04-ab11-d7953c595151,2024-09-12T20:16:20Z
633042c8-b29d-4d9a-a215-bdafa7329fdc,0e064815-f30e-4bb9-b046-daa6f985a692,2025-01-12T17:30:27Z
5bb74e65-0335-4188-8e59-31ab747b4922,b5291925-923f-4a7a-b1e1-4fae16b29b5a,2025-01-12T20:45:40Z
30fd3a9c-0c27-4ac2-966e-b49e3f61bf78,a3bb92ed-b929-4af6-b49f-63557ae570dc,2025-04-17T17:49:49Z
c90edc00-94d7-47e3-b6c7-80d3600b787e,73a3eaa3-d6a1-4916-aff4-e846d0931afb,2025-04-16T13:36:08Z
f403fdb3-4026-43da-b80b-fa12f83d2df6,6e898dbb-423d-41b3-851a-ab55a0d22806,2024-05-25T11:24:50Z
4a7de72b-a81c-4eac-b61e-2141528b128d,507480d4-290e-478a-ac4b-bb3523650c59,2025-04-06T08:52:52Z
ea589825-1aa6-4563-8490-b3f1d62905b9,39aa1b4f-684d-40de-95ea-c6f7ce8ce2da,2025-02-01T19:57:03Z
d88811b4-de0f-4372-9ae5-727a9957a99d,edb13c7b-7715-42ce-98eb-8207f44596e3,2024-08-09T02:41:53Z
ac8111db-0d03-461a-a1ae-aed5b1eeadd1,6a52ee08-a625-429b-8e95-c35bc479c814,2024-12-30T13:17:20Z
856cedde-3bb8-4eb9-8673-7982ec690058,ac82c92c-97f7-478c-bf92-bf8d514cd28a,2024-07-24T22:39:43Z
59f90267-8b13-4735-bd10-80b2212613f2,35088ead-0d58-493e-82f0-981e72cef625,2024-08-25T11:48:18Z
d671a0f8-ac1c-4d15-b981-db9c1df591f4,3016ee3e-619d-4f54-9b1b-e29bc0b7fc3d,2024-07-12T00:39:54Z
022732e5-58b3-42a5-b0af-82d8681bf94a,659b51c5-80db-413e-aaee-4b9b47797a78,2024-11-05T12:49:51Z
306f7d2d-43ab-4afe-a5de-01a6f9e7cd59,922e1fae-0cc2-4217-bca4-a7ae9ece5a88,2025-03-09T22:27:32Z
5e8630d1-36d8-4e69-a76c-355ca050bdf1,6ee7005c-f798-414a-aef1-864ad1bd13a4,2024-10-22T04:38:13Z
6243c5fe-6cd6-4b0f-85b6-cb37530401af,29e71a76-270c-48db-a429-4ff19dff3e9f,2025-01-27T01:14:58Z
df8d8590-c655-4255-aa14-2c0340277fdf,f72766e2-3d08-4ccd-9ae7-2037331d91ce,2024-05-26T01:47:49Z
8336c8de-dfb1-4c19-8b64-02304e23d223,18b8f973-a184-4602-b519-90fe86892d35,2025-01-05T05:02:09Z
2e9811f2-3ebf-4c68-ba29-6118c5fb81a0,7874d41c-1754-4e20-9d82-fc0e363abbdb,2025-04-04T12:50:32Z
f48fef17-b5ec-4d5e-8785-f7e30e16a9d6,df36cf7b-eaf8-41e7-a7e5-f1b7133de38b,2024-10-14T13:26:00Z
d4de8d50-1a03-4b43-ad24-edb9660bfb81,29a8bf80-805f-45a0-82db-8dfdc851c688,2024-07-21T17:04:33Z
9c0343bb-586b-41b9-a213-ac181900a956,d951aeb1-8a9a-4172-8fe4-bf0f696d91c1,2025-02-02T20:22:53Z
38eb755e-431e-493b-a198-2dd3d4369756,2a5c30ca-6166-4d2f-ab15-a506b660d05d,2025-01-12T03:14:35Z
4a6a3f0f-2342-45bd-8e54-7b6eef3d4234,79652005-0b66-40dd-bec9-9b815c54bf7d,2025-01-21T12:10:11Z
88fc3a62-ba78-4e5a-87e1-b612065273f6,1c5f9421-2f1a-4498-b29d-733879930741,2024-07-31T06:20:21Z
14652453-1856-409c-86f7-d41352c381a4,acf4e32f-eab6-429a-b6a1-962f5737ef8b,2025-04-06T16:33:42Z
60ee2106-2c04-44cf-a8b1-2691967126a4,97c25344-a00d-4d7a-9794-c48a8d449935,2024-09-22T17:15:30Z
3ba87eeb-03ae-445b-a4e7-ecfbbc56bd66,4e2cdfed-c75a-479e-9561-692fa326f1f9,2024-06-16T23:03:42Z
913c1c01-00d9-446f-b71c-db54a09d5ac3,4326b177-9b1d-417a-ab04-5e0762079f73,2024-05-22T05:11:38Z
4c8ad547-b136-4099-8fca-72b7ad2bfe14,f03c8896-5d7f-4aea-acb9-e305916c419d,2025-01-26T21:53:43Z
93e216b5-84c7-4b8d-82a1-f4dc653b1fd7,f7d0ecfe-2c4e-4550-b779-99e03e0a817b,2024-11-17T09:43:11Z
59640f7c-4eb8-47e7-a914-bac5c408fe12,f7b7ca9c-bb84-48b7-8fac-49238b7afaa6,2025-04-08T01:50:12Z
d1016bf2-16e8-46cc-876f-d9fd1eb8bdc9,be46f44d-582a-4b29-beca-298fa18d6bba,2025-04-04T06:34:03Z
5d108edf-09c9-42a2-9804-5ed417d2c3b5,81831ac8-20bf-4cc4-a1a6-09d291de3c0c,2024-08-23T01:29:18Z
672457f9-9dd3-4a18-8bb4-a015a398f56c,f483cad9-3fab-42fa-8993-a425d5eb0f81,2025-01-13T12:46:11Z
72d1d58a-bcf5-45da-94e0-4c1c77fef133,d943683e-59c3-4a04-990e-c94160a5fc03,2025-02-23T09:50:27Z
3c1b9b36-9c0b-4749-b88c-dcac55ca0a4e,f42937f4-c9d4-4102-9cf1-8951ddcd8e8a,2024-07-28T23:01:50Z
9b9e5ffc-f8ab-475b-8de2-621452c58c56,95fd1540-9c3e-4206-924a-2553875b244c,2025-04-02T01:36:19Z
22927557-2800-46d8-9886-5585a0312668,53e43a8b-f057-4165-9a92-88494e21cbee,2024-07-09T02:44:14Z
53d20cf3-0832-4a78-a4d4-6bf920e51c65,dea087fc-d075-4782-8cc2-480545bc4b18,2024-09-26T19:27:50Z
3661586e-ee90-4569-a1fa-7d242dd895a5,1999079b-d5b0-44fe-94b3-14b84d7568e3,2024-09-28T00:40:28Z
249dee48-f100-4a99-bbba-f793631d9675,f0b5c326-e806-433e-962a-139f57cab42a,2024-09-28T07:35:07Z
95e75cba-e508-411e-809c-ea0ab060a9b3,eba961a7-bcc8-407e-8589-4221e0cd7bbc,2025-02-03T03:51:24Z
f33b969b-08cd-4d8c-9701-c802bb2ee40c,93351c8b-fce9-4554-b15a-f288f0c85a24,2025-04-27T21:32:25Z
3e031cff-74e5-4d6c-b095-5c51d35898e5,cdd60900-b408-4af0-8591-3544dfc16b2f,2024-06-29T17:38:44Z
902a1d55-3847-4044-a885-aca8959fa0b1,b27d8c8d-8886-49a3-b7c4-ad8c7b75d1ff,2025-02-13T04:29:15Z
412b5e56-156f-4e8d-a1fa-5e780ddffe3d,b4adb09c-5f4f-4ca9-bdd5-cece21be8649,2024-11-04T16:49:35Z
73dffe67-84d8-4285-ae50-3b5216dd3e6d,07bc379c-bc48-440d-ab60-bafd8137cbce,2025-04-15T00:01:58Z
9eafce99-af02-4278-ac96-2241c1128faa,521b8234-ca4c-4629-a90d-cc87d6e4abd6,2024-09-06T19:55:25Z
8de4a04d-9448-4fe9-8233-f63bdbc479b7,3c292dc0-93dd-449f-ab45-b7f41dd4afb8,2024-07-08T11:03:28Z
3d813548-8658-4496-a014-ccd6c190ed4a,dfa14ff5-9225-4abb-8309-1b14945aabbf,2024-12-22T23:07:19Z
7c6d5fec-5cf5-4872-a13f-a3721932b0b1,0bf6f752-422d-4777-8efa-1179b0eaaf4e,2025-05-06T22:16:17Z
