user_id,login_time,device_info
9cb41b0d-433c-4db6-a6d0-d98f8c4592b8,2024-09-26T02:08:10Z,iOS
3aa4a454-e847-4fbb-85ad-136b7d984333,2024-11-04T02:21:59Z,Linux
b64e9baa-cd1f-4192-a772-fa4ae31e5bf0,2025-03-15T00:36:11Z,iOS
568855bb-c993-4340-acd5-c7d86e53b80d,2024-10-31T20:37:02Z,Linux
f71d82bb-4ce7-478f-b317-f2ad389cae88,2024-12-27T13:00:28Z,Android
74293ed2-8651-4273-81c8-1007075d8999,2025-01-02T10:42:00Z,Android
5b9245e8-5bf5-4dfd-ba51-6a788ee69714,2024-06-12T01:56:15Z,Windows
c210f89d-b0bd-457d-a47c-63773f311a5a,2024-06-05T01:24:06Z,Android
16380fd9-028e-41ab-9bf4-417f47e3e29e,2024-12-03T09:49:40Z,Windows
cf1bc6bb-c51c-4c84-b823-b1662c714a0e,2025-01-10T23:23:19Z,Mac
0b1164f3-79e4-4734-aeae-828114f24bbc,2025-01-03T23:29:06Z,Mac
6f8cf244-1134-493d-925d-40d90b49466a,2025-01-04T00:54:00Z,Android
ad83dfb5-214a-4ba0-9910-39c2ac594f85,2024-08-28T14:11:36Z,Windows
d8c26d78-e457-4111-acf5-0e787ed1bddb,2024-06-08T04:50:15Z,Linux
98fe242f-05f4-4bb6-abb9-759fa4440f2c,2025-04-09T01:14:05Z,Android
8df9b53b-a9e7-4dd6-9b1d-b70614387687,2024-11-28T18:59:19Z,Android
0bd4db18-7cc6-4eda-9e72-0e118ecef42b,2024-10-13T13:07:51Z,Linux
a96eca7b-b18e-494d-826d-9503c8fbfc70,2025-01-24T23:46:17Z,Linux
d4b39c40-c099-4120-a124-bbcf840b4589,2025-02-01T19:55:59Z,iOS
51826111-4d0e-4817-8e73-d1e1d5f30b21,2025-03-02T04:51:37Z,Linux
01082225-7063-40c1-a9e7-38470a1360cd,2024-09-29T11:14:57Z,Android
8b103e5b-17be-42ef-9c91-ee8249e1af5c,2025-05-06T02:48:09Z,iOS
84bdac3b-e2e3-4f88-ad29-924052fc3065,2024-09-03T04:39:16Z,Windows
ecae86d1-a1c4-4192-9abc-b760e941217e,2024-08-23T11:10:23Z,Mac
80e31a38-3cec-4a72-82de-d4b5b896b4af,2024-07-21T03:47:55Z,Linux
700afafc-32e0-400e-b0f4-b3122af12ab7,2024-10-29T14:14:35Z,Android
9df6990f-0799-4682-aca2-e4e22d8b25b5,2024-08-23T05:01:53Z,Mac
f66c3ae2-093d-46db-9c18-ba937f931eaf,2024-12-25T19:05:56Z,Linux
12032cb3-17e6-4409-bff0-4019be40b3b5,2024-06-20T11:24:10Z,Mac
03743c32-ee6e-4000-88af-7488e655f7eb,2024-07-14T22:05:47Z,iOS
57eae6ca-c2a3-4ce2-8791-972173e99bdb,2025-02-20T00:33:02Z,Linux
6fa90fba-ef59-4359-bd98-75071d5e23f0,2024-08-05T19:41:20Z,Linux
2c5350de-4af6-4eb2-bb4d-7f70f558dcac,2025-01-06T09:40:58Z,iOS
127265d1-8d64-41bf-97a2-935d9a9a10b0,2025-01-19T08:30:21Z,Windows
bc5923aa-d77b-4986-ab1f-a750858573ed,2025-01-21T14:22:19Z,Android
3d7810d1-3dc5-4d24-8558-11ba6655a5ed,2024-10-26T23:43:33Z,iOS
d038408b-0f5e-4cc7-93d9-e5f16414a317,2024-05-30T06:17:27Z,Windows
25e03202-efe4-4d00-8a49-a1b941e9cdd8,2025-04-08T11:08:53Z,Linux
d1386ae5-0ee8-4115-8420-701924fb4f98,2025-01-27T10:41:24Z,Windows
e9113ee3-708a-4720-a9d9-dc9947d516bf,2025-01-28T15:29:03Z,Linux
08408eed-4bc6-4752-9c97-3293f2734a45,2024-06-25T19:44:05Z,Android
069a99c6-a5d4-425d-ae7a-296293bfd0f3,2024-08-16T03:31:45Z,Mac
b267943f-a298-4a64-9341-b54f120f0847,2025-03-11T23:20:04Z,Linux
6cc79770-5447-41aa-9e57-16cbafa61682,2024-10-09T12:49:25Z,Windows
c02f6759-509d-4f9d-acb0-b07b8f6f6201,2024-06-15T02:49:25Z,Windows
f23cd206-d250-4c48-b1f6-6304a8fb96a4,2024-08-05T17:34:45Z,Mac
014eaa3b-21eb-4cad-a810-3e2566315dbc,2024-12-15T03:43:19Z,Linux
22618767-b9ab-4563-84b5-e52ed20e6e7b,2024-09-25T06:32:40Z,Mac
780694cc-0826-441c-8419-b47bcb9bafcb,2024-09-14T17:42:49Z,Android
37086b68-d73e-4f0c-885b-eee7f481bdaa,2025-04-24T03:50:58Z,Android
7c955588-b188-4224-a68f-3aee0e129887,2024-11-29T22:51:11Z,Mac
22319aaf-b23b-4fe4-a1fd-923446a6f628,2024-08-23T17:08:05Z,Linux
004fac32-7ff0-4bb6-b5fa-9d8b8029b06a,2025-04-17T18:01:54Z,Linux
6f3a5693-0d8b-475c-aa73-6c9f71c4f8e6,2024-05-21T02:54:53Z,iOS
9698144b-9744-4230-9d3c-6b922f3d9580,2024-07-31T18:23:18Z,iOS
3d130780-1f5c-4001-be5f-c6a19090128f,2025-03-30T08:44:19Z,iOS
0608d9a5-b691-4fdd-800d-deea6c12625c,2024-08-02T11:36:48Z,Windows
729e6738-0035-47dc-85bf-ffe01c33bc45,2024-06-27T14:32:49Z,Windows
cc08a5a1-3d4a-424d-8888-9a830e79475e,2025-03-06T20:28:02Z,Linux
41eed04c-6bae-4df4-aa2a-9e48a1dd99e7,2025-01-28T14:01:56Z,Mac
aad70155-bca4-4e12-a791-3d70bd87a30a,2025-04-14T17:21:48Z,Windows
a939a5d3-6615-422c-b2aa-cc8f58b73ec3,2024-11-01T13:36:37Z,Android
3cb87b86-9cd6-4aef-aef5-d238ddbecb7a,2024-06-15T10:30:37Z,Linux
ab0d3c14-e5dd-467c-a51d-8e7ce3c439f2,2024-10-27T02:45:27Z,Android
e4256268-00cc-4f6f-95c0-6a19b62731a4,2024-12-27T08:53:25Z,Windows
44dafd0f-e28d-4fb7-bba7-81d791a5e146,2024-08-20T04:58:42Z,Android
ac07202a-47b9-4780-bd0c-62c330226cf2,2024-10-30T01:42:41Z,iOS
5fbe197f-75d5-46f4-b882-e57d47bfaf15,2025-01-31T15:17:57Z,Android
7350d645-9d07-479e-bd63-c4b06664f5d0,2024-08-14T18:33:11Z,Windows
b105d92e-81c4-4a23-b826-daf4d4498ecf,2025-05-02T16:02:05Z,iOS
ad17bb1d-e86b-4ee3-b731-d3ff201ca644,2025-03-01T16:04:14Z,Windows
db6ea0e5-5e16-4d97-af30-1146cafad3f5,2025-05-11T23:06:47Z,iOS
287d1980-50a3-4da2-ab14-5be555cec75c,2025-03-16T12:50:36Z,iOS
6a02742b-bea4-4f70-844f-523f1b87f7d9,2024-07-11T14:01:53Z,iOS
1553aeb0-6172-4804-9431-0b6b3d1b7984,2025-03-29T06:54:51Z,Mac
0c11522a-5183-4eb0-a77b-c6846313f666,2024-10-06T19:26:17Z,Android
e056c198-3cd6-49b3-bc16-b81bfeb55b5b,2025-03-02T04:12:56Z,Linux
72933e6d-6fca-4da8-9325-45cf87f9aef0,2024-12-31T00:32:18Z,Windows
14e222bb-6324-44e4-89c4-9c7abc05f47f,2025-02-12T15:43:54Z,iOS
31a227d4-46fc-478e-aac2-d65dc502cfc2,2024-08-12T21:45:43Z,iOS
5567d0b3-cb8c-453a-a544-462a6b6b23a3,2024-07-29T09:39:16Z,Android
4b995d65-fd0d-4932-b4a8-a80bbd7bd07e,2024-10-27T13:45:28Z,Linux
6a98881d-2bc3-4cd8-ad42-eee90417c9fd,2024-09-30T14:57:03Z,Linux
3c73ddb7-fc54-40b5-89ee-b0d6e00d6f78,2024-11-05T07:16:23Z,Linux
00379b60-4f9c-47df-a6ce-0af168f73ee5,2024-12-02T15:34:06Z,Mac
a85f2d33-db80-4cbf-81fc-2deb53abd535,2024-05-18T10:19:18Z,Android
5cd17f96-ffc4-4889-8080-720360e6a8b3,2024-08-18T06:05:35Z,Android
06f0a8a0-ea01-4f8c-985b-b90f97f101c2,2024-12-24T04:44:37Z,Linux
f87c7942-6568-4dfb-8ca1-67e90ffca862,2024-09-30T20:01:42Z,Android
aa583d41-98ab-4f72-8bce-f8de7580c602,2024-08-27T19:12:15Z,Windows
a554c5fd-c20d-453b-b737-d8adc7daddac,2025-02-15T15:12:40Z,Mac
dd4d9453-4f68-4e34-a2b8-a9ebffea95e8,2024-10-02T13:31:16Z,iOS
e776b83e-8a72-47d7-93d3-1c582817df95,2024-07-24T18:34:18Z,Linux
2482c780-91e8-4a57-b6aa-cab4e9fd8420,2024-05-31T11:52:06Z,Linux
e90cba0d-a11d-4bcf-8947-f852a886ca5b,2025-04-20T13:01:07Z,iOS
bbd0de47-c1b3-434a-a322-f780435639d4,2025-05-11T19:02:52Z,iOS
440aedc2-5285-4ad2-9d24-c8ca3a348d07,2024-11-12T12:38:40Z,Mac
5a32f0e0-f70c-492c-b1fe-f515a1674327,2025-01-26T23:44:56Z,Windows
afd75aea-068b-452b-9022-2cca676af3c0,2024-09-08T14:51:45Z,iOS
87817095-3951-48a2-abdd-63a648ed01b3,2024-12-20T15:19:51Z,iOS
